TranscriptID	chromosome	transcript_biotype	HaplotypeID	VCF_IDs	DNA_changes	allele_frequencies	cDNA_changes	all_protein_changes	variant_types	protein_changes	reading_frame	protein_prefix_length	start_missing	start_lost	splice_sites_affected	occurrence_count	frequency	frequency_superpopulation
ENST00000614923	1	protein_coding	haplo_chr1_25557	b3709;b3707;b3700;b36fb;b36fa;b36f9;b36f8;b36f6;b36f5;b36f4;b36f3;b36ed;b36ec;b36ea	152113029:A>C;152112175:C>T;152111755:A>G;152109924:G>C;152109900:C>A;152109888:C>T;152109883:C>T;152109592:T>C;152109445:G>C;152109216:G>C;152108840:A>G;152108507:C>T;152108500:T>G;152107513:T>G	0.99;0.01;0.01;0.02;0.01;0.01;0.01;0.02;0.57;0.01;0.02;0.01;0.01;0.58	272:T>G;1126:G>A;1546:T>C;3377:C>G;3401:G>T;3413:G>A;3418:G>A;3709:A>G;3856:C>G;4085:C>G;4461:T>C;4794:G>A;4801:A>C;5788:A>C	62:L>62:R;347:E>347:K;487:W>487:R;1097:P>1097:R;1105:R>1105:L;1109:C>1109:Y;1111:E>1111:K;1208:K>1208:E;1257:L>1257:V;1333:T>1333:R;1458:R>1458:R;1569:Q>1569:Q;1572:S>1572:R;1901:K>1901:Q	SAV;SAV;SAV;SAV;SAV;SAV;SAV;SAV;SAV;SAV;synonymous;synonymous;SAV;SAV	62:L>62:R;347:E>347:K;487:W>487:R;1097:P>1097:R;1105:R>1105:L;1109:C>1109:Y;1111:E>1111:K;1208:K>1208:E;1257:L>1257:V;1333:T>1333:R;1572:S>1572:R;1901:K>1901:Q	1	0	False	False	-	16	0.0031397174254317	EAS:0.01553
ENST00000614923	1	protein_coding	haplo_chr1_25558	b3709;b3700;b36fb;b36fa;b36f9;b36f8;b36f6;b36f5;b36f4;b36f3;b36ed;b36ec;b36ea	152113029:A>C;152111755:A>G;152109924:G>C;152109900:C>A;152109888:C>T;152109883:C>T;152109592:T>C;152109445:G>C;152109216:G>C;152108840:A>G;152108507:C>T;152108500:T>G;152107513:T>G	0.99;0.01;0.02;0.01;0.01;0.01;0.02;0.57;0.01;0.02;0.01;0.01;0.58	272:T>G;1546:T>C;3377:C>G;3401:G>T;3413:G>A;3418:G>A;3709:A>G;3856:C>G;4085:C>G;4461:T>C;4794:G>A;4801:A>C;5788:A>C	62:L>62:R;487:W>487:R;1097:P>1097:R;1105:R>1105:L;1109:C>1109:Y;1111:E>1111:K;1208:K>1208:E;1257:L>1257:V;1333:T>1333:R;1458:R>1458:R;1569:Q>1569:Q;1572:S>1572:R;1901:K>1901:Q	SAV;SAV;SAV;SAV;SAV;SAV;SAV;SAV;SAV;synonymous;synonymous;SAV;SAV	62:L>62:R;487:W>487:R;1097:P>1097:R;1105:R>1105:L;1109:C>1109:Y;1111:E>1111:K;1208:K>1208:E;1257:L>1257:V;1333:T>1333:R;1572:S>1572:R;1901:K>1901:Q	1	0	False	False	-	6	0.0011773940345368	EAS:0.00583
ENST00000640821	4	protein_coding	haplo_chr4_ba6b	5a9e8;5a9f2;5aa1e	56505911:G>A;56506077:A>G;56511287:AC>A	0.99;0.23;0.02	120:G>A;286:A>G;453:AC>A	16:E>16:K;71:K>71:R;127:T>127:T(+fs)	SAV;SAV;synonymous	16:E>16:K;71:K>71:R	0	0	False	False	-	92	0.0180533751962323	EUR:0.02203;AMR:0.01580;EAS:0.00194;SAS:0.05589;AFR:0.00075
ENST00000510999	5	protein_coding	haplo_chr5_1bc8	3905	1798887:T>G	0.01	734:A>C	16:S>16:R(fs)	SAV_after_fs	16:S>16:R(fs)	1	0	False	False	-	8	0.0015698587127158	EUR:0.00575;AMR:0.00287
ENST00000532865	6	protein_coding	haplo_chr6_5033	2c9ac;2c9ad;2c9af;2c9b0;2c9b2	26370344:C>T;26370377:T>C;26370429:A>G;26370431:C>T;26370479:T>C	0.08;0.35;0.08;0.08;0.24	625:C>T;658:T>C;710:A>G;712:C>T;760:T>C	109:V>109:V;120:H>120:H;138:N>138:D;138:N>138:D;154:D>154:D	synonymous;synonymous;SAV;SAV;synonymous	138:N>138:D;138:N>138:D	2	0	False	False	-	206	0.0404238618524332	EUR:0.08333;AMR:0.03305;SAS:0.04675;AFR:0.02683;EAS:0.01359
ENST00000396934	6	protein_coding	haplo_chr6_5043	2c9ac;2c9ad;2c9af;2c9b0;2c9b2;2c9cc;2c9ce	26370344:C>T;26370377:T>C;26370429:A>G;26370431:C>T;26370479:T>C;26372922:C>T;26373279:G>A	0.08;0.35;0.08;0.08;0.24;0.08;0.08	564:C>T;597:T>C;649:A>G;651:C>T;699:T>C;849:C>T;1028:G>A	128:V>128:V;139:H>139:H;157:N>157:D;157:N>157:D;173:D>173:D;223:P>223:P;283:S>283:N	synonymous;synonymous;SAV;SAV;synonymous;synonymous;SAV	157:N>157:D;157:N>157:D;283:S>283:N	1	0	False	False	-	206	0.0404238618524332	AMR:0.00144
ENST00000508906	6	protein_coding	haplo_chr6_5084	2c9ac;2c9ad;2c9af;2c9b0;2c9b2;2c9cc;2c9ce	26370344:C>T;26370377:T>C;26370429:A>G;26370431:C>T;26370479:T>C;26372922:C>T;26373279:G>A	0.08;0.35;0.08;0.08;0.24;0.08;0.08	625:C>T;658:T>C;710:A>G;712:C>T;760:T>C;910:C>T;1089:G>A	109:V>109:V;120:H>120:H;138:N>138:D;138:N>138:D;154:D>154:D;204:P>204:P;264:S>264:N	synonymous;synonymous;SAV;SAV;synonymous;synonymous;SAV	138:N>138:D;138:N>138:D;264:S>264:N	2	0	False	False	-	206	0.0404238618524332	AMR:0.00144
ENST00000377708	6	protein_coding	haplo_chr6_50cb	2c9ac;2c9ad;2c9af;2c9b0;2c9b2;2c9cc;2c9ce	26370344:C>T;26370377:T>C;26370429:A>G;26370431:C>T;26370479:T>C;26372922:C>T;26373279:G>A	0.08;0.35;0.08;0.08;0.24;0.08;0.08	676:C>T;709:T>C;761:A>G;763:C>T;811:T>C;961:C>T;1140:G>A	151:V>151:V;162:H>162:H;180:N>180:D;180:N>180:D;196:D>196:D;246:P>246:P;306:S>306:N	synonymous;synonymous;SAV;SAV;synonymous;synonymous;SAV	180:N>180:D;180:N>180:D;306:S>306:N	2	0	False	False	-	206	0.0404238618524332	AMR:0.00144
ENST00000527422	6	protein_coding	haplo_chr6_5109	2c9ac;2c9ad;2c9af;2c9b0;2c9b2;2c9cc;2c9ce	26370344:C>T;26370377:T>C;26370429:A>G;26370431:C>T;26370479:T>C;26372922:C>T;26373279:G>A	0.08;0.35;0.08;0.08;0.24;0.08;0.08	653:C>T;686:T>C;738:A>G;740:C>T;788:T>C;938:C>T;1117:G>A	151:V>151:V;162:H>162:H;180:N>180:D;180:N>180:D;196:D>196:D;246:P>246:P;306:S>306:N	synonymous;synonymous;SAV;SAV;synonymous;synonymous;SAV	180:N>180:D;180:N>180:D;306:S>306:N	0	0	False	False	-	206	0.0404238618524332	EUR:0.08333;AMR:0.03305;SAS:0.04675;AFR:0.02683;EAS:0.01359
ENST00000356386	6	protein_coding	haplo_chr6_511d	2c9ac;2c9ad;2c9af;2c9b0;2c9b2;2c9cc;2c9ce	26370344:C>T;26370377:T>C;26370429:A>G;26370431:C>T;26370479:T>C;26372922:C>T;26373279:G>A	0.08;0.35;0.08;0.08;0.24;0.08;0.08	643:C>T;676:T>C;728:A>G;730:C>T;778:T>C;928:C>T;1107:G>A	151:V>151:V;162:H>162:H;180:N>180:D;180:N>180:D;196:D>196:D;246:P>246:P;306:S>306:N	synonymous;synonymous;SAV;SAV;synonymous;synonymous;SAV	180:N>180:D;180:N>180:D;306:S>306:N	2	0	False	False	-	206	0.0404238618524332	AMR:0.00144
ENST00000396948	6	protein_coding	haplo_chr6_5154	2c9ac;2c9ad;2c9af;2c9b0;2c9b2;2c9cc;2c9ce	26370344:C>T;26370377:T>C;26370429:A>G;26370431:C>T;26370479:T>C;26372922:C>T;26373279:G>A	0.08;0.35;0.08;0.08;0.24;0.08;0.08	608:C>T;641:T>C;693:A>G;695:C>T;743:T>C;893:C>T;1072:G>A	151:V>151:V;162:H>162:H;180:N>180:D;180:N>180:D;196:D>196:D;246:P>246:P;306:S>306:N	synonymous;synonymous;SAV;SAV;synonymous;synonymous;SAV	180:N>180:D;180:N>180:D;306:S>306:N	0	0	False	False	-	206	0.0404238618524332	EUR:0.08333;AMR:0.03305;SAS:0.04675;AFR:0.02683;EAS:0.01359
ENST00000404141	7	protein_coding	haplo_chr7_22208	eb4f1;eb4ed;eb482	154968956:C>T;154968556:TCTG>T;154946699:T>C	0.22;0.06;0.23	1439:G>A;1836:CAGA>A;3231:A>G	414:P>414:P;547:QM>547:M;1012:M>1011:V	synonymous;inframe_indel;SAV	547:QM>547:M;1012:M>1011:V	0	0	False	False	-	1	0.0001962323390894	SAS:0.00102
ENST00000404141	7	protein_coding	haplo_chr7_22209	eb4ee;eb4ed;eb482	154968659:A>G;154968556:TCTG>T;154946699:T>C	0.62;0.06;0.23	1736:T>C;1836:CAGA>A;3231:A>G	513:L>513:L;547:QM>547:M;1012:M>1011:V	synonymous;inframe_indel;SAV	547:QM>547:M;1012:M>1011:V	0	0	False	False	-	7	0.0013736263736263	AFR:0.00149;EUR:0.00096;AMR:0.00144
ENST00000404141	7	protein_coding	haplo_chr7_2220a	eb4f1;eb4ee;eb4ed;eb482	154968956:C>T;154968659:A>G;154968556:TCTG>T;154946699:T>C	0.22;0.62;0.06;0.23	1439:G>A;1736:T>C;1836:CAGA>A;3231:A>G	414:P>414:P;513:L>513:L;547:QM>547:M;1012:M>1011:V	synonymous;synonymous;inframe_indel;SAV	547:QM>547:M;1012:M>1011:V	0	0	False	False	-	49	0.0096153846153846	EUR:0.00958;EAS:0.00583;AMR:0.01006;SAS:0.02337;AFR:0.00224
ENST00000404141	7	protein_coding	haplo_chr7_2220b	eb4f2;eb4f1;eb4ee;eb4ed;eb482	154968982:CCTG>C;154968956:C>T;154968659:A>G;154968556:TCTG>T;154946699:T>C	0.01;0.22;0.62;0.06;0.23	1410:CAGG>G;1439:G>A;1736:T>C;1836:CAGA>A;3231:A>G	405:QA>405:A;414:P>413:P;513:L>512:L;547:QM>546:M;1012:M>1010:V	inframe_indel;synonymous;synonymous;inframe_indel;SAV	405:QA>405:A;547:QM>546:M;1012:M>1010:V	0	0	False	False	-	1	0.0001962323390894	SAS:0.00102
ENST00000404141	7	protein_coding	haplo_chr7_2220d	eb4f0;eb4ee;eb4ed;eb482	154968898:TCTG>T;154968659:A>G;154968556:TCTG>T;154946699:T>C	0.03;0.62;0.06;0.23	1494:CAGA>A;1736:T>C;1836:CAGA>A;3231:A>G	433:QI>433:I;513:L>512:L;547:QM>546:M;1012:M>1010:V	inframe_indel;synonymous;inframe_indel;SAV	433:QI>433:I;547:QM>546:M;1012:M>1010:V	0	0	False	False	-	1	0.0001962323390894	AFR:0.00075
ENST00000404141	7	protein_coding	haplo_chr7_2220e	eb4f1;eb4f0;eb4ee;eb4ed;eb482	154968956:C>T;154968898:TCTG>T;154968659:A>G;154968556:TCTG>T;154946699:T>C	0.22;0.03;0.62;0.06;0.23	1439:G>A;1494:CAGA>A;1736:T>C;1836:CAGA>A;3231:A>G	414:P>414:P;433:QI>433:I;513:L>512:L;547:QM>546:M;1012:M>1010:V	synonymous;inframe_indel;synonymous;inframe_indel;SAV	433:QI>433:I;547:QM>546:M;1012:M>1010:V	0	0	False	False	-	7	0.0013736263736263	EAS:0.00097;SAS:0.00203;AFR:0.00224;AMR:0.00144
ENST00000404141	7	protein_coding	haplo_chr7_2220f	eb4ee;eb482	154968659:A>G;154946699:T>C	0.62;0.23	1736:T>C;3231:A>G	513:L>513:L;1012:M>1012:V	synonymous;SAV	1012:M>1012:V	0	0	False	False	-	68	0.0133437990580847	EUR:0.00383;AMR:0.01293;EAS:0.00097;AFR:0.01714;SAS:0.01423
ENST00000404141	7	protein_coding	haplo_chr7_22210	eb4f1;eb4ee;eb482	154968956:C>T;154968659:A>G;154946699:T>C	0.22;0.62;0.23	1439:G>A;1736:T>C;3231:A>G	414:P>414:P;513:L>513:L;1012:M>1012:V	synonymous;synonymous;SAV	1012:M>1012:V	0	0	False	False	-	1045	0.2050627943485086	EUR:0.27682;EAS:0.19612;AMR:0.33621;SAS:0.26524;AFR:0.04098
ENST00000404141	7	protein_coding	haplo_chr7_22211	eb4f2;eb4f1;eb4ee;eb482	154968982:CCTG>C;154968956:C>T;154968659:A>G;154946699:T>C	0.01;0.22;0.62;0.23	1410:CAGG>G;1439:G>A;1736:T>C;3231:A>G	405:QA>405:A;414:P>413:P;513:L>512:L;1012:M>1011:V	inframe_indel;synonymous;synonymous;SAV	405:QA>405:A;1012:M>1011:V	0	0	False	False	-	1	0.0001962323390894	AMR:0.00144
ENST00000404141	7	protein_coding	haplo_chr7_22214	eb4f0;eb4ee;eb482	154968898:TCTG>T;154968659:A>G;154946699:T>C	0.03;0.62;0.23	1494:CAGA>A;1736:T>C;3231:A>G	433:QI>433:I;513:L>512:L;1012:M>1011:V	inframe_indel;synonymous;SAV	433:QI>433:I;1012:M>1011:V	0	0	False	False	-	1	0.0001962323390894	AFR:0.00075
ENST00000404141	7	protein_coding	haplo_chr7_22215	eb4f1;eb4f0;eb4ee;eb482	154968956:C>T;154968898:TCTG>T;154968659:A>G;154946699:T>C	0.22;0.03;0.62;0.23	1439:G>A;1494:CAGA>A;1736:T>C;3231:A>G	414:P>414:P;433:QI>433:I;513:L>512:L;1012:M>1011:V	synonymous;inframe_indel;synonymous;SAV	433:QI>433:I;1012:M>1011:V	0	0	False	False	-	15	0.0029434850863422	AMR:0.00575;EUR:0.00192;SAS:0.00305;AFR:0.00373;EAS:0.00097
ENST00000404141	7	protein_coding	haplo_chr7_22216	eb4f2;eb4f1;eb4f0;eb4ee;eb482	154968982:CCTG>C;154968956:C>T;154968898:TCTG>T;154968659:A>G;154946699:T>C	0.01;0.22;0.03;0.62;0.23	1410:CAGG>G;1439:G>A;1494:CAGA>A;1736:T>C;3231:A>G	405:QA>405:A;414:P>413:P;433:QI>432:I;513:L>511:L;1012:M>1010:V	inframe_indel;synonymous;inframe_indel;synonymous;SAV	405:QA>405:A;433:QI>432:I;1012:M>1010:V	0	0	False	False	-	1	0.0001962323390894	EUR:0.00096
ENST00000303941	11	protein_coding	haplo_chr11_1f6c6	ab467	113396211:C>T	0.01	932:C>T	275:P>275:L	SAV	275:P>275:L	1	0	False	False	-	41	0.0080455259026687	AMR:0.00287;AFR:0.02906
ENST00000376350	19	protein_coding	haplo_chr19_2aff8	5aeba;5aea6;5ae83;5adf4;5adf2	55203951:C>G;55202167:G>A;55197189:A>G;55182101:C>T;55181876:T>C	0.42;0.57;0.68;0.01;0.4	784:G>C;1109:C>T;1985:T>C;3180:G>A;3293:A>G	238:S>238:S;347:H>347:Y;639:L>639:L;1037:R>1037:Q;1075:I>1075:V	synonymous;SAV;synonymous;SAV;SAV	347:H>347:Y;1037:R>1037:Q;1075:I>1075:V	2	0	False	False	-	4	0.0007849293563579	AMR:0.00431;SAS:0.00102
ENST00000376350	19	protein_coding	haplo_chr19_2aff9	5aec5;5aeba;5aea6;5ae83;5adf4;5adf2	55205432:A>G;55203951:C>G;55202167:G>A;55197189:A>G;55182101:C>T;55181876:T>C	0.42;0.42;0.57;0.68;0.01;0.4	580:T>C;784:G>C;1109:C>T;1985:T>C;3180:G>A;3293:A>G	170:T>170:T;238:S>238:S;347:H>347:Y;639:L>639:L;1037:R>1037:Q;1075:I>1075:V	synonymous;synonymous;SAV;synonymous;SAV;SAV	347:H>347:Y;1037:R>1037:Q;1075:I>1075:V	2	0	False	False	-	20	0.0039246467817896	EUR:0.00958;AMR:0.00862;SAS:0.00305;AFR:0.00075
ENST00000376350	19	protein_coding	haplo_chr19_2affa	5aec5;5ae83;5adf4;5adf2	55205432:A>G;55197189:A>G;55182101:C>T;55181876:T>C	0.42;0.68;0.01;0.4	580:T>C;1985:T>C;3180:G>A;3293:A>G	170:T>170:T;639:L>639:L;1037:R>1037:Q;1075:I>1075:V	synonymous;synonymous;SAV;SAV	1037:R>1037:Q;1075:I>1075:V	2	0	False	False	-	2	0.0003924646781789	EUR:0.00192
ENST00000263434	19	protein_coding	haplo_chr19_2b0d6	5ae83;5adf4;5adf2	55197189:A>G;55182101:C>T;55181876:T>C	0.68;0.01;0.4	1406:T>C;2601:G>A;2714:A>G	461:L>461:L;859:R>859:Q;897:I>897:V	synonymous;SAV;SAV	859:R>859:Q;897:I>897:V	2	0	False	False	-	2	0.0003924646781789	EUR:0.00192
ENST00000263434	19	protein_coding	haplo_chr19_2b0d7	5aea6;5ae83;5adf4;5adf2	55202167:G>A;55197189:A>G;55182101:C>T;55181876:T>C	0.57;0.68;0.01;0.4	530:C>T;1406:T>C;2601:G>A;2714:A>G	169:H>169:Y;461:L>461:L;859:R>859:Q;897:I>897:V	SAV;synonymous;SAV;SAV	169:H>169:Y;859:R>859:Q;897:I>897:V	2	0	False	False	-	24	0.0047095761381475	EUR:0.00958;AMR:0.01293;SAS:0.00407;AFR:0.00075
